Space Name,Profit
Community Chest #1,27.553282182438192
Community Chest #2,26.964624131396082
Community Chest #3,25.941408821593154
